customer_id,full_name,address,phone_number,sales_date_month,total_sales
1,Saanvi Krishna,Delhi,9173121081,3,222.0
1,Saanvi Krishna,Delhi,9173121081,4,395.0
1,Saanvi Krishna,Delhi,9173121081,5,312.0
1,Saanvi Krishna,Delhi,9173121081,6,415.0
1,Saanvi Krishna,Delhi,9173121081,7,123.5
1,Saanvi Krishna,Delhi,9173121081,8,160.0
2,Dhanush Sahni,Delhi,9155328165,3,132.0
2,Dhanush Sahni,Delhi,9155328165,4,798.0
2,Dhanush Sahni,Delhi,9155328165,5,70.0
2,Dhanush Sahni,Delhi,9155328165,6,525.5
2,Dhanush Sahni,Delhi,9155328165,7,200.0
2,Dhanush Sahni,Delhi,9155328165,8,260.0
3,Yasmin Shan,Delhi,9191478300,3,213.5
3,Yasmin Shan,Delhi,9191478300,4,132.0
3,Yasmin Shan,Delhi,9191478300,5,564.0
3,Yasmin Shan,Delhi,9191478300,6,202.0
3,Yasmin Shan,Delhi,9191478300,7,353.5
3,Yasmin Shan,Delhi,9191478300,8,170.0
4,Vidur Mammen,Delhi,9119017511,3,212.0
4,Vidur Mammen,Delhi,9119017511,4,123.0
4,Vidur Mammen,Delhi,9119017511,6,265.0
4,Vidur Mammen,Delhi,9119017511,7,463.5
4,Vidur Mammen,Delhi,9119017511,8,534.0
5,Shamik Doctor,Delhi,9105180499,3,255.0
5,Shamik Doctor,Delhi,9105180499,4,312.0
5,Shamik Doctor,Delhi,9105180499,5,112.0
5,Shamik Doctor,Delhi,9105180499,6,755.5
5,Shamik Doctor,Delhi,9105180499,7,240.0
5,Shamik Doctor,Delhi,9105180499,8,100.0
6,Ryan Dugar,Delhi,9142616565,3,61.5
6,Ryan Dugar,Delhi,9142616565,4,332.0
6,Ryan Dugar,Delhi,9142616565,5,102.0
6,Ryan Dugar,Delhi,9142616565,6,789.0
6,Ryan Dugar,Delhi,9142616565,7,51.5
6,Ryan Dugar,Delhi,9142616565,8,283.5
7,Romil Shanker,Delhi,9129451313,3,827.5
7,Romil Shanker,Delhi,9129451313,4,253.5
7,Romil Shanker,Delhi,9129451313,5,586.0
7,Romil Shanker,Delhi,9129451313,6,290.0
7,Romil Shanker,Delhi,9129451313,7,161.5
7,Romil Shanker,Delhi,9129451313,8,214.0
8,Krish Tandon,Delhi,9145683399,3,362.0
8,Krish Tandon,Delhi,9145683399,4,211.5
8,Krish Tandon,Delhi,9145683399,5,272.0
8,Krish Tandon,Delhi,9145683399,6,544.0
8,Krish Tandon,Delhi,9145683399,7,442.0
8,Krish Tandon,Delhi,9145683399,8,372.0
9,Divij Garde,Delhi,9141984713,3,445.5
9,Divij Garde,Delhi,9141984713,4,220.0
9,Divij Garde,Delhi,9141984713,5,526.0
9,Divij Garde,Delhi,9141984713,6,498.0
9,Divij Garde,Delhi,9141984713,7,72.0
9,Divij Garde,Delhi,9141984713,8,304.0
10,Hunar Tank,Delhi,9169808085,3,92.0
10,Hunar Tank,Delhi,9169808085,4,272.0
10,Hunar Tank,Delhi,9169808085,5,396.0
10,Hunar Tank,Delhi,9169808085,6,90.0
10,Hunar Tank,Delhi,9169808085,7,617.5
10,Hunar Tank,Delhi,9169808085,8,633.5
11,Zara Dhaliwal,Delhi,9129776379,3,110.0
11,Zara Dhaliwal,Delhi,9129776379,4,312.0
11,Zara Dhaliwal,Delhi,9129776379,5,194.0
11,Zara Dhaliwal,Delhi,9129776379,6,324.0
11,Zara Dhaliwal,Delhi,9129776379,7,232.0
11,Zara Dhaliwal,Delhi,9129776379,8,1.5
12,Sumer Mangal,Delhi,9138607933,3,100.0
12,Sumer Mangal,Delhi,9138607933,4,532.0
12,Sumer Mangal,Delhi,9138607933,5,50.0
12,Sumer Mangal,Delhi,9138607933,6,91.5
12,Sumer Mangal,Delhi,9138607933,7,904.0
12,Sumer Mangal,Delhi,9138607933,8,220.0
13,Rhea Chander,Delhi,9103434731,3,150.0
13,Rhea Chander,Delhi,9103434731,4,586.0
13,Rhea Chander,Delhi,9103434731,5,182.0
13,Rhea Chander,Delhi,9103434731,6,616.0
13,Rhea Chander,Delhi,9103434731,7,290.0
13,Rhea Chander,Delhi,9103434731,8,232.0
14,Yuvaan Bawa,Delhi,9162077019,3,445.5
14,Yuvaan Bawa,Delhi,9162077019,4,115.0
14,Yuvaan Bawa,Delhi,9162077019,5,322.0
14,Yuvaan Bawa,Delhi,9162077019,6,292.0
14,Yuvaan Bawa,Delhi,9162077019,7,282.0
14,Yuvaan Bawa,Delhi,9162077019,8,105.5
15,Sahil Sabharwal,Delhi,9174928780,3,310.0
15,Sahil Sabharwal,Delhi,9174928780,4,270.0
15,Sahil Sabharwal,Delhi,9174928780,5,122.0
15,Sahil Sabharwal,Delhi,9174928780,6,313.5
15,Sahil Sabharwal,Delhi,9174928780,7,464.0
15,Sahil Sabharwal,Delhi,9174928780,8,162.0
16,Tiya Kashyap,Delhi,9105126094,3,212.0
16,Tiya Kashyap,Delhi,9105126094,4,323.0
16,Tiya Kashyap,Delhi,9105126094,5,760.0
16,Tiya Kashyap,Delhi,9105126094,6,492.0
16,Tiya Kashyap,Delhi,9105126094,7,407.5
16,Tiya Kashyap,Delhi,9105126094,8,352.0
17,Kimaya Lala,Delhi,9115616831,4,433.5
17,Kimaya Lala,Delhi,9115616831,5,390.0
17,Kimaya Lala,Delhi,9115616831,6,736.0
17,Kimaya Lala,Delhi,9115616831,7,320.0
17,Kimaya Lala,Delhi,9115616831,8,214.0
18,Vardaniya Jani,Delhi,9125068977,3,192.0
18,Vardaniya Jani,Delhi,9125068977,4,161.5
18,Vardaniya Jani,Delhi,9125068977,5,362.0
18,Vardaniya Jani,Delhi,9125068977,6,360.0
18,Vardaniya Jani,Delhi,9125068977,7,371.5
18,Vardaniya Jani,Delhi,9125068977,8,101.5
19,Indranil Dutta,Delhi,9120667755,3,262.0
19,Indranil Dutta,Delhi,9120667755,4,53.5
19,Indranil Dutta,Delhi,9120667755,5,370.0
19,Indranil Dutta,Delhi,9120667755,6,312.0
19,Indranil Dutta,Delhi,9120667755,7,466.0
19,Indranil Dutta,Delhi,9120667755,8,232.0
20,Kavya Sachar,Delhi,9157628717,3,474.0
20,Kavya Sachar,Delhi,9157628717,4,251.5
20,Kavya Sachar,Delhi,9157628717,5,524.0
20,Kavya Sachar,Delhi,9157628717,6,916.0
20,Kavya Sachar,Delhi,9157628717,7,715.5
20,Kavya Sachar,Delhi,9157628717,8,130.0
